{
  "deepstarr": {
    "mean": [
      0.34361037611961365,
      -0.08130039274692535
    ],
    "std": [
      1.520153284072876,
      1.6485458612442017
    ],
    "min": [
      -4.464020252227783,
      -5.32142972946167
    ],
    "max": [
      8.564691543579102,
      7.922269344329834
    ]
  }
}