{
  "dream_yeast": {
    "mean": [
      11.154492378234863
    ],
    "std": [
      2.368135452270508
    ],
    "min": [
      0.0
    ],
    "max": [
      17.0
    ]
  }
}