{
  "encode4_k562": {
    "mean": [
      -0.1503904163837433
    ],
    "std": [
      0.527016282081604
    ],
    "min": [
      -2.1350245475769043
    ],
    "max": [
      3.426765203475952
    ]
  },
  "encode4_hepg2": {
    "mean": [
      -0.2145218551158905
    ],
    "std": [
      0.7931607961654663
    ],
    "min": [
      -2.63317608833313
    ],
    "max": [
      4.4103922843933105
    ]
  },
  "encode4_wtc11": {
    "mean": [
      -0.5998685956001282
    ],
    "std": [
      1.086284875869751
    ],
    "min": [
      -6.11726713180542
    ],
    "max": [
      4.900032997131348
    ]
  },
  "deepstarr": {
    "mean": [
      0.34361037611961365,
      -0.08130039274692535
    ],
    "std": [
      1.520153284072876,
      1.6485458612442017
    ],
    "min": [
      -4.464020252227783,
      -5.32142972946167
    ],
    "max": [
      8.564691543579102,
      7.922269344329834
    ]
  },
  "jores_arabidopsis": {
    "mean": [
      1.5299204587936401,
      -0.881016731262207
    ],
    "std": [
      1.1845790147781372,
      1.1750251054763794
    ],
    "min": [
      -2.1631600856781006,
      -5.414796829223633
    ],
    "max": [
      5.417531967163086,
      4.010707855224609
    ]
  },
  "jores_maize": {
    "mean": [
      0.48259979486465454,
      0.10526502877473831
    ],
    "std": [
      1.796168327331543,
      1.1773452758789062
    ],
    "min": [
      -4.444854259490967,
      -3.6643266677856445
    ],
    "max": [
      5.252993583679199,
      5.4183573722839355
    ]
  },
  "jores_sorghum": {
    "mean": [
      1.002419114112854,
      0.1873895227909088
    ],
    "std": [
      1.6495360136032104,
      1.1503236293792725
    ],
    "min": [
      -4.191277980804443,
      -3.3871278762817383
    ],
    "max": [
      5.319789409637451,
      4.816734313964844
    ]
  },
  "dream_yeast": {
    "mean": [
      11.154492378234863
    ],
    "std": [
      2.368135452270508
    ],
    "min": [
      0.0
    ],
    "max": [
      17.0
    ]
  }
}