{
  "cell_type": "K562",
  "n_samples": 22633,
  "n_high_performers": 5659,
  "physics_distributions": {
    "thermodynamics": {
      "thermo_dG_p25": {
        "mean": -0.8511187488955645,
        "std": 0.8518257709495826,
        "percentiles": {
          "p5": -1.831,
          "p25": -1.831,
          "p50": -1.456,
          "p75": 0.0,
          "p95": 0.0
        }
      },
      "thermo_dG_p50": {
        "mean": -0.7233815161689344,
        "std": 0.7160993396415949,
        "percentiles": {
          "p5": -1.456,
          "p25": -1.456,
          "p50": -1.318,
          "p75": 0.0,
          "p95": 0.0
        }
      },
      "thermo_dG_p75": {
        "mean": -0.641744831242269,
        "std": 0.6367631578793082,
        "percentiles": {
          "p5": -1.318,
          "p25": -1.318,
          "p50": -1.018,
          "p75": 0.0,
          "p95": 0.0
        }
      }
    },
    "shape_mgw_prot_roll": {},
    "bending_stiffness": {},
    "stacking": {},
    "sidd_g4": {},
    "entropy": {}
  },
  "gc_distribution": {
    "mean": 0.5500910438931444,
    "std": 0.08442230726882301,
    "percentiles": {
      "p5": 0.43043478260869567,
      "p25": 0.48695652173913045,
      "p50": 0.5347826086956522,
      "p75": 0.6130434782608696,
      "p95": 0.7086956521739131
    }
  },
  "cpg_distribution": {
    "mean": 0.5695928249356058,
    "std": 0.2587857064955369,
    "percentiles": {
      "p5": 0.25527192008879024,
      "p25": 0.3668261562998405,
      "p50": 0.49462365591397855,
      "p75": 0.75,
      "p95": 1.0508681084374047
    }
  },
  "entropy_distribution": {
    "mean": 1.9532741773253497,
    "std": 0.04604046696825942,
    "percentiles": {
      "p5": 1.8517416092137926,
      "p25": 1.9367064618177763,
      "p50": 1.969685095677539,
      "p75": 1.9861562195220452,
      "p95": 1.9964495462860885
    }
  },
  "activity_distribution": {
    "mean": 0.5627977594345553,
    "std": 0.37132281175327336,
    "percentiles": {
      "p5": 0.12176103633408357,
      "p25": 0.2554040747951475,
      "p50": 0.473729139729915,
      "p75": 0.8004012584995623,
      "p95": 1.2628994082292728
    }
  },
  "electrostatics_distributions": {
    "electrostatic_std_psi_mean": {
      "mean": -0.18254411117066593,
      "std": 0.003198928549087128,
      "percentiles": {
        "p5": -0.18760267049074172,
        "p25": -0.18481867015361786,
        "p50": -0.18261638283729553,
        "p75": -0.18039047718048096,
        "p95": -0.1772679015994072
      }
    },
    "electrostatic_std_psi_std": {
      "mean": 0.013641986923358438,
      "std": 0.0015633563877593868,
      "percentiles": {
        "p5": 0.01100600054487586,
        "p25": 0.01256955461576581,
        "p50": 0.013693156652152538,
        "p75": 0.014747319277375937,
        "p95": 0.016107569076120855
      }
    },
    "electrostatic_std_psi_min": {
      "mean": -0.31986294841888535,
      "std": 0.004561338324061615,
      "percentiles": {
        "p5": -0.32462224960327146,
        "p25": -0.3224739134311676,
        "p50": -0.32126420736312866,
        "p75": -0.3188728392124176,
        "p95": -0.30898050367832186
      }
    },
    "electrostatic_std_psi_max": {
      "mean": -0.09835662495823458,
      "std": 0.002120187731454359,
      "percentiles": {
        "p5": -0.10277923047542573,
        "p25": -0.09942527115345001,
        "p50": -0.09757017344236374,
        "p75": -0.0967525988817215,
        "p95": -0.0962553545832634
      }
    },
    "electrostatic_enh_psi_mean": {
      "mean": -1.7092075872219037,
      "std": 0.013577182160517813,
      "percentiles": {
        "p5": -1.730599331855774,
        "p25": -1.71887868642807,
        "p50": -1.709429144859314,
        "p75": -1.7000833749771118,
        "p95": -1.6868512034416199
      }
    },
    "electrostatic_enh_psi_std": {
      "mean": 0.05751037516291012,
      "std": 0.006741414781213175,
      "percentiles": {
        "p5": 0.0462166715413332,
        "p25": 0.052869316190481186,
        "p50": 0.057650767266750336,
        "p75": 0.062208421528339386,
        "p95": 0.06811374202370643
      }
    },
    "electrostatic_enh_psi_min": {
      "mean": -1.9088758310468654,
      "std": 0.01276617212119425,
      "percentiles": {
        "p5": -1.9216254472732544,
        "p25": -1.9170613288879395,
        "p50": -1.912825345993042,
        "p75": -1.905135989189148,
        "p95": -1.879600024223328
      }
    },
    "electrostatic_enh_psi_max": {
      "mean": -1.5024489215541421,
      "std": 0.013905568444156158,
      "percentiles": {
        "p5": -1.5315793037414551,
        "p25": -1.5094104409217834,
        "p50": -1.4972467422485352,
        "p75": -1.491944968700409,
        "p95": -1.4887404918670655
      }
    }
  }
}