{
  "config": {
    "cell_type": "K562",
    "data_root": "/home/bcheng/sequence_optimization/mainproject/PhysiFormer/physpreprocess/data/lentiMPRA_data",
    "output_dir": "results/k562_legnet",
    "epochs": 30,
    "batch_size": 1024,
    "max_lr": 0.01,
    "weight_decay": 0.1,
    "seed": 42,
    "device": 2,
    "use_shift": true,
    "reverse_augment": true
  },
  "train_loss": [
    0.7261995310110538,
    0.5716466828451076,
    0.5221904946696619,
    0.5027989045120353,
    0.48212541341747744,
    0.4634575772568625,
    0.4480000515641744,
    0.43353605543556917,
    0.4247507359758785,
    0.41670860465886794,
    0.40341165647153127,
    0.39312443508773515,
    0.3835869286427226,
    0.3782443680042812,
    0.37076360995453805,
    0.3606924118822517,
    0.35248989114554996,
    0.343438542004842,
    0.3340833878694711,
    0.3202388381962449,
    0.30827638335990354,
    0.2983340553982293,
    0.2832320789543649,
    0.26996506173578455,
    0.25582455677205435,
    0.23985790521728953,
    0.2286294645524264,
    0.219330345339008,
    0.21264726936606793,
    0.21040830173665445
  ],
  "train_pearson": [
    0.5231562256813049,
    0.6546698212623596,
    0.6910322904586792,
    0.7053012847900391,
    0.7195587158203125,
    0.7324643731117249,
    0.7428379058837891,
    0.7527874112129211,
    0.7582057118415833,
    0.7634464502334595,
    0.7725620865821838,
    0.7787126302719116,
    0.7853400707244873,
    0.7884104251861572,
    0.793460488319397,
    0.7995805144309998,
    0.8044943809509277,
    0.8100070953369141,
    0.8159682750701904,
    0.8246150016784668,
    0.8318000435829163,
    0.8376806974411011,
    0.846928596496582,
    0.8546664714813232,
    0.8628093600273132,
    0.871883749961853,
    0.8781656622886658,
    0.8835574984550476,
    0.8872459530830383,
    0.8884472846984863
  ],
  "val_loss": [
    1.0430289628952432,
    0.5896157020122987,
    0.847229379502759,
    0.5270789677511716,
    0.5121145588016961,
    0.49315916604419635,
    0.480192841074602,
    0.4713719331318816,
    0.49280707559280656,
    0.7348780482645001,
    0.4780342064658507,
    0.43450144137970537,
    0.4525055039705509,
    0.5391221232486574,
    0.4226847140498455,
    0.5127069856399027,
    0.4160120154225262,
    0.4208983938805128,
    0.5278489600867198,
    0.40302382675991894,
    0.40198109888157463,
    0.36847160137227375,
    0.3676947451624155,
    0.37810316406678357,
    0.35078614645738515,
    0.36292100343990796,
    0.3470132398432962,
    0.34461866542370767,
    0.3449313663421008,
    0.34529785978289596
  ],
  "val_pearson": [
    0.5678595900535583,
    0.6549149751663208,
    0.6563938856124878,
    0.6984637975692749,
    0.7058283686637878,
    0.7158569097518921,
    0.732587456703186,
    0.7302484512329102,
    0.7249147295951843,
    0.6407268047332764,
    0.7459465265274048,
    0.7620075345039368,
    0.7584831714630127,
    0.6921985745429993,
    0.7651099562644958,
    0.725136399269104,
    0.7668865323066711,
    0.7816565632820129,
    0.7661360502243042,
    0.7759972810745239,
    0.7801553606987,
    0.7969300746917725,
    0.7984222769737244,
    0.7986950874328613,
    0.8072490096092224,
    0.8073084354400635,
    0.8101817965507507,
    0.8119479417800903,
    0.8120728731155396,
    0.8122109174728394
  ],
  "best_epoch": 29,
  "best_val_pearson": 0.8122109174728394,
  "test_loss": 0.3444926926038926,
  "test_pearson": 0.8106756210327148,
  "calibration_loss": 0.3371749170858956,
  "calibration_pearson": 0.8081855773925781
}