{
  "experiment_name": "cadence_maize_v1_frozen_mouse_esc_10pct",
  "n_train": 1929,
  "n_trainable_params": 66561,
  "best_epoch": 2,
  "val_metrics": {
    "spearman_r": 0.17281844234238397
  },
  "test_metrics": {
    "spearman_r": 0.1831715812946693,
    "pearson_r": 0.1735489778012993,
    "auroc": 0.5723533329093229,
    "mse": 4.870289045175302,
    "mae": 1.9385289431169515,
    "loss": 4.868624340404164
  },
  "source_model": "cadence_maize_v1",
  "target_dataset": "mouse_esc",
  "data_fraction": 0.1,
  "strategy": "frozen",
  "seed": 42,
  "timestamp": "2026-01-19T23:33:08.627117"
}