{
  "experiment_name": "cadence_wtc11_v2_frozen_s2_drosophila_10pct",
  "n_train": 24640,
  "n_trainable_params": 66561,
  "best_epoch": 47,
  "val_metrics": {
    "spearman_r": 0.21661065275990493
  },
  "test_metrics": {
    "spearman_r": 0.21396401466681989,
    "pearson_r": 0.22654606447292475,
    "auroc": 0.5883894497154489,
    "mse": 2.189924941299235,
    "mae": 1.1468093110544524,
    "loss": 2.189615582438416
  },
  "source_model": "cadence_wtc11_v2",
  "target_dataset": "s2_drosophila",
  "data_fraction": 0.1,
  "strategy": "frozen",
  "seed": 42,
  "timestamp": "2026-01-19T05:34:38.940120"
}