{
  "experiment_name": "cadence_wtc11_v2_full_s2_drosophila_10pct",
  "n_train": 24640,
  "n_trainable_params": 1322465,
  "best_epoch": 5,
  "val_metrics": {
    "spearman_r": 0.41511312208383894
  },
  "test_metrics": {
    "spearman_r": 0.4196253299145081,
    "pearson_r": 0.4216673910850713,
    "auroc": 0.7168961829354563,
    "mse": 1.9164911837386918,
    "mae": 1.0687641807315122,
    "loss": 1.9167211500264831
  },
  "source_model": "cadence_wtc11_v2",
  "target_dataset": "s2_drosophila",
  "data_fraction": 0.1,
  "strategy": "full_finetune",
  "seed": 42,
  "timestamp": "2026-01-19T06:04:41.269940"
}