{
  "experiment_name": "cadence_hepg2_v2_frozen_s2_drosophila_25pct",
  "n_train": 61601,
  "n_trainable_params": 66561,
  "best_epoch": 50,
  "val_metrics": {
    "spearman_r": 0.25487725086909013
  },
  "test_metrics": {
    "spearman_r": 0.24203943831619185,
    "pearson_r": 0.25417108045180087,
    "auroc": 0.6138004009520424,
    "mse": 2.158667924317816,
    "mae": 1.1401254078671383,
    "loss": 2.158451847822268
  },
  "source_model": "cadence_hepg2_v2",
  "target_dataset": "s2_drosophila",
  "data_fraction": 0.25,
  "strategy": "frozen",
  "seed": 42,
  "timestamp": "2026-01-18T23:43:16.706845"
}