{
  "experiment_name": "cadence_sorghum_v1_frozen_s2_drosophila_5pct",
  "n_train": 12320,
  "n_trainable_params": 66561,
  "best_epoch": 49,
  "val_metrics": {
    "spearman_r": 0.15988855982103442
  },
  "test_metrics": {
    "spearman_r": 0.15396490806582558,
    "pearson_r": 0.17109312913666264,
    "auroc": 0.5575452501414434,
    "mse": 2.2425230918531636,
    "mae": 1.1618280888390489,
    "loss": 2.2424063555553517
  },
  "source_model": "cadence_sorghum_v1",
  "target_dataset": "s2_drosophila",
  "data_fraction": 0.05,
  "strategy": "frozen",
  "seed": 42,
  "timestamp": "2026-01-20T13:21:12.190098"
}