{
  "experiment_name": "cadence_k562_v2_full_s2_drosophila_5pct",
  "n_train": 12320,
  "n_trainable_params": 1322465,
  "best_epoch": 5,
  "val_metrics": {
    "spearman_r": 0.45165601147781415
  },
  "test_metrics": {
    "spearman_r": 0.4530193433903549,
    "pearson_r": 0.4613428495738062,
    "auroc": 0.7404925485513142,
    "mse": 1.8354455492326611,
    "mae": 1.042398398560793,
    "loss": 1.8357085607242354
  },
  "source_model": "cadence_k562_v2",
  "target_dataset": "s2_drosophila",
  "data_fraction": 0.05,
  "strategy": "full_finetune",
  "seed": 42,
  "timestamp": "2026-01-18T13:12:24.361524"
}