{
  "experiment_name": "cadence_hepg2_v2_full_s2_drosophila_25pct",
  "n_train": 61601,
  "n_trainable_params": 1322465,
  "best_epoch": 5,
  "val_metrics": {
    "spearman_r": 0.5272697140412395
  },
  "test_metrics": {
    "spearman_r": 0.5241375104716919,
    "pearson_r": 0.5425714708601441,
    "auroc": 0.785609770194945,
    "mse": 1.6381507189965336,
    "mae": 0.9864732205533115,
    "loss": 1.6380287374191653
  },
  "source_model": "cadence_hepg2_v2",
  "target_dataset": "s2_drosophila",
  "data_fraction": 0.25,
  "strategy": "full_finetune",
  "seed": 42,
  "timestamp": "2026-01-19T00:24:16.799810"
}