{
  "experiment_name": "cadence_arabidopsis_v1_frozen_s2_drosophila_25pct",
  "n_train": 61601,
  "n_trainable_params": 66561,
  "best_epoch": 40,
  "val_metrics": {
    "spearman_r": 0.17312204685198093
  },
  "test_metrics": {
    "spearman_r": 0.1595284942213369,
    "pearson_r": 0.18434930809477587,
    "auroc": 0.5635465157189725,
    "mse": 2.228846642586279,
    "mae": 1.161545721099885,
    "loss": 2.228489748790824
  },
  "source_model": "cadence_arabidopsis_v1",
  "target_dataset": "s2_drosophila",
  "data_fraction": 0.25,
  "strategy": "frozen",
  "seed": 42,
  "timestamp": "2026-01-19T22:07:58.555467"
}