{
  "experiment_name": "cadence_maize_v1_frozen_s2_drosophila_5pct",
  "n_train": 12320,
  "n_trainable_params": 66561,
  "best_epoch": 48,
  "val_metrics": {
    "spearman_r": 0.19020853198054138
  },
  "test_metrics": {
    "spearman_r": 0.17706097564914727,
    "pearson_r": 0.18567998688360954,
    "auroc": 0.5645424594608797,
    "mse": 2.2284647783265528,
    "mae": 1.159248481873987,
    "loss": 2.2281977873448886
  },
  "source_model": "cadence_maize_v1",
  "target_dataset": "s2_drosophila",
  "data_fraction": 0.05,
  "strategy": "frozen",
  "seed": 42,
  "timestamp": "2026-01-20T02:35:57.649059"
}