{
  "experiment_name": "cadence_maize_v1_full_s2_drosophila_5pct",
  "n_train": 12320,
  "n_trainable_params": 1322465,
  "best_epoch": 12,
  "val_metrics": {
    "spearman_r": 0.38328272216627174
  },
  "test_metrics": {
    "spearman_r": 0.37815957222047614,
    "pearson_r": 0.37887563446823175,
    "auroc": 0.6897015335564698,
    "mse": 1.9974576039384953,
    "mae": 1.0903392299592212,
    "loss": 1.9974137406083632
  },
  "source_model": "cadence_maize_v1",
  "target_dataset": "s2_drosophila",
  "data_fraction": 0.05,
  "strategy": "full_finetune",
  "seed": 42,
  "timestamp": "2026-01-20T03:10:07.656947"
}