{
  "experiment_name": "cadence_deepstarr_v2_frozen_s2_drosophila_5pct",
  "n_train": 12320,
  "n_trainable_params": 66561,
  "best_epoch": 29,
  "val_metrics": {
    "spearman_r": 0.9764736514283083
  },
  "test_metrics": {
    "spearman_r": 0.9766134698708936,
    "pearson_r": 0.9802027229641566,
    "auroc": 0.9902038836450894,
    "mse": 0.09048790675874449,
    "mae": 0.14419413320608598,
    "loss": 0.09040741538561285
  },
  "source_model": "cadence_deepstarr_v2",
  "target_dataset": "s2_drosophila",
  "data_fraction": 0.05,
  "strategy": "frozen",
  "seed": 42,
  "timestamp": "2026-01-19T11:25:21.649347"
}