{
  "experiment_name": "cadence_hepg2_v2_full_mouse_esc_5pct",
  "n_train": 964,
  "n_trainable_params": 1322465,
  "best_epoch": 12,
  "val_metrics": {
    "spearman_r": 0.1921579419470594
  },
  "test_metrics": {
    "spearman_r": 0.1740118618244087,
    "pearson_r": 0.20949536707576832,
    "auroc": 0.5874668118278966,
    "mse": 3.9202160646345487,
    "mae": 1.699173806327516,
    "loss": 3.9222935763272373
  },
  "source_model": "cadence_hepg2_v2",
  "target_dataset": "mouse_esc",
  "data_fraction": 0.05,
  "strategy": "full_finetune",
  "seed": 42,
  "timestamp": "2026-01-18T17:11:09.818565"
}