{
  "experiment_name": "cadence_maize_v1_full_s2_drosophila_25pct",
  "n_train": 61601,
  "n_trainable_params": 1322465,
  "best_epoch": 16,
  "val_metrics": {
    "spearman_r": 0.4991963586379453
  },
  "test_metrics": {
    "spearman_r": 0.5010531719540265,
    "pearson_r": 0.5139965083721209,
    "auroc": 0.769792171698669,
    "mse": 1.7155357084257805,
    "mae": 1.012283865420414,
    "loss": 1.7154350875364954
  },
  "source_model": "cadence_maize_v1",
  "target_dataset": "s2_drosophila",
  "data_fraction": 0.25,
  "strategy": "full_finetune",
  "seed": 42,
  "timestamp": "2026-01-20T10:13:24.495647"
}