{
  "experiment_name": "cadence_wtc11_v2_full_s2_drosophila_5pct",
  "n_train": 12320,
  "n_trainable_params": 1322465,
  "best_epoch": 5,
  "val_metrics": {
    "spearman_r": 0.36107617569791495
  },
  "test_metrics": {
    "spearman_r": 0.36290604940928245,
    "pearson_r": 0.363203111166377,
    "auroc": 0.6828402004847329,
    "mse": 2.028881418624915,
    "mae": 1.0991222085720362,
    "loss": 2.028997231337984
  },
  "source_model": "cadence_wtc11_v2",
  "target_dataset": "s2_drosophila",
  "data_fraction": 0.05,
  "strategy": "full_finetune",
  "seed": 42,
  "timestamp": "2026-01-19T04:03:07.888577"
}