{
  "experiment_name": "cadence_yeast_v1_full_s2_drosophila_25pct",
  "n_train": 61601,
  "n_trainable_params": 1322465,
  "best_epoch": 2,
  "val_metrics": {
    "spearman_r": 0.388123990641666
  },
  "test_metrics": {
    "spearman_r": 0.3830745403218238,
    "pearson_r": 0.3897197757810876,
    "auroc": 0.6956308394767081,
    "mse": 1.965642210915697,
    "mae": 1.083517368919014,
    "loss": 1.965781290363746
  },
  "source_model": "cadence_yeast_v1",
  "target_dataset": "s2_drosophila",
  "data_fraction": 0.25,
  "strategy": "full_finetune",
  "seed": 42,
  "timestamp": "2026-01-21T04:55:31.532530"
}