{
  "experiment_name": "cadence_k562_v2_frozen_s2_drosophila_5pct",
  "n_train": 12320,
  "n_trainable_params": 66561,
  "best_epoch": 47,
  "val_metrics": {
    "spearman_r": 0.226888548620065
  },
  "test_metrics": {
    "spearman_r": 0.21877593763076916,
    "pearson_r": 0.23526426864911645,
    "auroc": 0.6194265520276308,
    "mse": 2.1814222037082382,
    "mae": 1.1464915964518807,
    "loss": 2.1811000429111878
  },
  "source_model": "cadence_k562_v2",
  "target_dataset": "s2_drosophila",
  "data_fraction": 0.05,
  "strategy": "frozen",
  "seed": 42,
  "timestamp": "2026-01-18T12:48:25.897102"
}