{
  "experiment_name": "cadence_yeast_v1_frozen_s2_drosophila_5pct",
  "n_train": 12320,
  "n_trainable_params": 66561,
  "best_epoch": 50,
  "val_metrics": {
    "spearman_r": 0.15467224875845378
  },
  "test_metrics": {
    "spearman_r": 0.15641299182723598,
    "pearson_r": 0.15829100543740693,
    "auroc": 0.5623975168083668,
    "mse": 2.251161355660629,
    "mae": 1.1642385506154822,
    "loss": 2.2508501844891047
  },
  "source_model": "cadence_yeast_v1",
  "target_dataset": "s2_drosophila",
  "data_fraction": 0.05,
  "strategy": "frozen",
  "seed": 42,
  "timestamp": "2026-01-20T23:47:06.091240"
}