{
  "experiment_name": "cadence_arabidopsis_v1_full_s2_drosophila_5pct",
  "n_train": 12320,
  "n_trainable_params": 1322465,
  "best_epoch": 13,
  "val_metrics": {
    "spearman_r": 0.3627215767845939
  },
  "test_metrics": {
    "spearman_r": 0.3613732019604842,
    "pearson_r": 0.36607603889571294,
    "auroc": 0.6840782825700803,
    "mse": 2.0197275252955533,
    "mae": 1.0989215793699028,
    "loss": 2.0196152677258916
  },
  "source_model": "cadence_arabidopsis_v1",
  "target_dataset": "s2_drosophila",
  "data_fraction": 0.05,
  "strategy": "full_finetune",
  "seed": 42,
  "timestamp": "2026-01-19T17:39:43.790585"
}