{
  "experiment_name": "cadence_maize_v1_full_s2_drosophila_10pct",
  "n_train": 24640,
  "n_trainable_params": 1322465,
  "best_epoch": 14,
  "val_metrics": {
    "spearman_r": 0.41723543521539386
  },
  "test_metrics": {
    "spearman_r": 0.41724006107703215,
    "pearson_r": 0.4193484429517391,
    "auroc": 0.7134604197507338,
    "mse": 1.9320380063630036,
    "mae": 1.0647468519351886,
    "loss": 1.9320376199325118
  },
  "source_model": "cadence_maize_v1",
  "target_dataset": "s2_drosophila",
  "data_fraction": 0.1,
  "strategy": "full_finetune",
  "seed": 42,
  "timestamp": "2026-01-20T05:59:53.369437"
}