{
  "experiment_name": "cadence_wtc11_v2_full_s2_drosophila_1pct",
  "n_train": 2464,
  "n_trainable_params": 1322465,
  "best_epoch": 9,
  "val_metrics": {
    "spearman_r": 0.28291729830703416
  },
  "test_metrics": {
    "spearman_r": 0.28040724634995406,
    "pearson_r": 0.27002459220541064,
    "auroc": 0.6367365052850706,
    "mse": 2.2909239494067317,
    "mae": 1.1670840104046756,
    "loss": 2.291122840622724
  },
  "source_model": "cadence_wtc11_v2",
  "target_dataset": "s2_drosophila",
  "data_fraction": 0.01,
  "strategy": "full_finetune",
  "seed": 42,
  "timestamp": "2026-01-19T02:20:32.045259"
}