{
  "experiment_name": "config5_universal_no_yeast_frozen_mouse_esc_10pct",
  "n_train": 1929,
  "n_trainable_params": 66561,
  "best_epoch": 6,
  "val_metrics": {
    "spearman_r": 0.1673758873109589
  },
  "test_metrics": {
    "spearman_r": 0.16978471717367094,
    "pearson_r": 0.1858271936001492,
    "auroc": 0.5700767708360613,
    "mse": 3.237418583898295,
    "mae": 1.5283761512714653,
    "loss": 3.2433293588233716
  },
  "source_model": "config5_universal_no_yeast",
  "target_dataset": "mouse_esc",
  "data_fraction": 0.1,
  "strategy": "frozen",
  "seed": 42,
  "timestamp": "2026-01-21T12:49:28.687602"
}