{
  "experiment_name": "config4_cross_kingdom_v1_frozen_mouse_esc_25pct",
  "n_train": 4823,
  "n_trainable_params": 66561,
  "best_epoch": 26,
  "val_metrics": {
    "spearman_r": 0.15184169217576216
  },
  "test_metrics": {
    "spearman_r": 0.14567642204433937,
    "pearson_r": 0.1666589786671105,
    "auroc": 0.5583600522281127,
    "mse": 1.9438339010271763,
    "mae": 1.0640809141435863,
    "loss": 1.9588610439589529
  },
  "source_model": "config4_cross_kingdom_v1",
  "target_dataset": "mouse_esc",
  "data_fraction": 0.25,
  "strategy": "frozen",
  "seed": 42,
  "timestamp": "2026-01-21T05:18:30.444302"
}