{
  "experiment_name": "config4_cross_kingdom_v1_frozen_s2_drosophila_5pct",
  "n_train": 12320,
  "n_trainable_params": 66561,
  "best_epoch": 41,
  "val_metrics": {
    "spearman_r": 0.19308871398169816
  },
  "test_metrics": {
    "spearman_r": 0.1888109901988925,
    "pearson_r": 0.196517419165474,
    "auroc": 0.5837465091179262,
    "mse": 2.219566127880155,
    "mae": 1.1551470735589175,
    "loss": 2.2194733339706865
  },
  "source_model": "config4_cross_kingdom_v1",
  "target_dataset": "s2_drosophila",
  "data_fraction": 0.05,
  "strategy": "frozen",
  "seed": 42,
  "timestamp": "2026-01-21T07:40:12.715651"
}