{
  "experiment_name": "scratch_s2_drosophila_5pct",
  "n_train": 12320,
  "n_trainable_params": 1322465,
  "best_epoch": 2,
  "val_metrics": {
    "spearman_r": 0.4027067224380367
  },
  "test_metrics": {
    "spearman_r": 0.4000091849760945,
    "pearson_r": 0.40385513636996073,
    "auroc": 0.7131432726443626,
    "mse": 2.3500602658221648,
    "mae": 1.2074811523890212,
    "loss": 2.350140560625829
  },
  "source_model": "scratch",
  "target_dataset": "s2_drosophila",
  "data_fraction": 0.05,
  "strategy": "scratch",
  "seed": 42,
  "timestamp": "2026-01-21T19:16:10.127794"
}