{
  "experiment_name": "scratch_mouse_esc_1pct",
  "n_train": 192,
  "n_trainable_params": 1322465,
  "best_epoch": 5,
  "val_metrics": {
    "spearman_r": 0.08306680659723806
  },
  "test_metrics": {
    "spearman_r": 0.0981577835684118,
    "pearson_r": 0.12330323505447663,
    "auroc": 0.5423538130388207,
    "mse": 5.317111941616728,
    "mae": 2.0344592700255277,
    "loss": 5.315088431040446
  },
  "source_model": "scratch",
  "target_dataset": "mouse_esc",
  "data_fraction": 0.01,
  "strategy": "scratch",
  "seed": 42,
  "timestamp": "2026-01-21T18:10:39.392598"
}