{
  "jores_sorghum": {
    "mean": [
      1.002419114112854,
      0.1873895227909088
    ],
    "std": [
      1.6495360136032104,
      1.1503236293792725
    ],
    "min": [
      -4.191277980804443,
      -3.3871278762817383
    ],
    "max": [
      5.319789409637451,
      4.816734313964844
    ]
  }
}