{
  "encode4_k562": {
    "mean": [
      -0.1503904163837433
    ],
    "std": [
      0.527016282081604
    ],
    "min": [
      -2.1350245475769043
    ],
    "max": [
      3.426765203475952
    ]
  }
}