{
  "results": {
    "1pct": {
      "spearman_r": 0.14415948421251457,
      "pearson_r": 0.16241553510713658,
      "auroc": 0.5565654902870426
    },
    "5pct": {
      "spearman_r": 0.29376113013963095,
      "pearson_r": 0.3571748192954095,
      "auroc": 0.6372122808395907
    },
    "10pct": {
      "spearman_r": 0.314256701630351,
      "pearson_r": 0.36474000893626246,
      "auroc": 0.6495905804827983
    },
    "25pct": {
      "spearman_r": 0.34381774227542705,
      "pearson_r": 0.40101015364591497,
      "auroc": 0.6651152871985004
    }
  },
  "learning_rate": 0.001
}