{
  "encode4_wtc11": {
    "mean": [
      -0.5998685956001282
    ],
    "std": [
      1.086284875869751
    ],
    "min": [
      -6.11726713180542
    ],
    "max": [
      4.900032997131348
    ]
  }
}