{
  "config": {
    "cell_type": "WTC11",
    "data_root": "/home/bcheng/sequence_optimization/mainproject/PhysiFormer/physpreprocess/data/lentiMPRA_data",
    "output_dir": "results/wtc11_legnet",
    "epochs": 30,
    "batch_size": 1024,
    "max_lr": 0.01,
    "weight_decay": 0.1,
    "seed": 42,
    "device": 0,
    "use_shift": true,
    "reverse_augment": true
  },
  "train_loss": [
    0.8634635392100448,
    0.7307149956324938,
    0.6575657912764706,
    0.6191051821891624,
    0.5985185016612885,
    0.56553575465796,
    0.5579441251756221,
    0.535748383174219,
    0.5160069377068789,
    0.5034397578702278,
    0.48438087534148494,
    0.4724677860796146,
    0.45846859687721997,
    0.42789860190364437,
    0.418053020086341,
    0.4082238725563911,
    0.3872492204001113,
    0.36828753623040134,
    0.35268143553192044,
    0.3362339201195441,
    0.31727757292914,
    0.30147848770751084,
    0.2835339209732573,
    0.2686993146270505,
    0.255925846846109,
    0.24383807601662566,
    0.23506340334117176,
    0.22559740812126913,
    0.22070396121282765,
    0.21882129701209407
  ],
  "train_pearson": [
    0.3707578182220459,
    0.5190584063529968,
    0.5855030417442322,
    0.6171870827674866,
    0.6337074637413025,
    0.6593747138977051,
    0.664830207824707,
    0.681219220161438,
    0.6957475543022156,
    0.7047725915908813,
    0.7182443141937256,
    0.7262250781059265,
    0.7361421585083008,
    0.7562137246131897,
    0.7627609968185425,
    0.7695058584213257,
    0.7829007506370544,
    0.7946581244468689,
    0.8047346472740173,
    0.8148977756500244,
    0.8261762261390686,
    0.8356386423110962,
    0.8462234139442444,
    0.8554562926292419,
    0.8623945713043213,
    0.8693464994430542,
    0.8746673464775085,
    0.8802284598350525,
    0.8826164603233337,
    0.883719265460968
  ],
  "val_loss": [
    0.9713114308322472,
    1.404645483863618,
    1.547395565664879,
    3.7240516500357135,
    0.9734641067294925,
    0.9739759668782406,
    0.7737889799839944,
    0.5736886992294333,
    0.7974579865119558,
    0.6523821158780636,
    0.5967662261161232,
    0.8100115841333145,
    0.5921461608172996,
    0.6023712602575138,
    0.5949940548529362,
    0.5644918473981976,
    0.5722190455251971,
    0.5975700344163405,
    0.5988683721012009,
    0.5321105449347943,
    0.5331546727719693,
    0.5377887682117165,
    0.5425710091427277,
    0.5148660524816834,
    0.5383388258628627,
    0.5241068624189021,
    0.5306021306581205,
    0.5317380759356446,
    0.5417076880544999,
    0.5370533334689109
  ],
  "val_pearson": [
    0.049251776188611984,
    0.45922598242759705,
    0.37967604398727417,
    0.42777058482170105,
    0.575613260269165,
    0.5522827506065369,
    0.6000316143035889,
    0.6300744414329529,
    0.5672866702079773,
    0.6084067225456238,
    0.6135825514793396,
    0.5941365957260132,
    0.6393014788627625,
    0.6213008165359497,
    0.6336206793785095,
    0.643825888633728,
    0.6359058618545532,
    0.6568993330001831,
    0.6177850961685181,
    0.6668594479560852,
    0.661040186882019,
    0.6669661402702332,
    0.6655068397521973,
    0.6785297393798828,
    0.6692059636116028,
    0.6775013208389282,
    0.6705867052078247,
    0.6720101237297058,
    0.6687368750572205,
    0.669584333896637
  ],
  "best_epoch": 23,
  "best_val_pearson": 0.6785297393798828,
  "test_loss": 0.5252853943148489,
  "test_pearson": 0.6977803707122803,
  "calibration_loss": 0.49932298097789446,
  "calibration_pearson": 0.6990203857421875
}