{
  "config": {
    "cell_type": "HepG2",
    "data_root": "/home/bcheng/sequence_optimization/mainproject/PhysiFormer/physpreprocess/data/lentiMPRA_data",
    "output_dir": "results/hepg2_legnet",
    "epochs": 30,
    "batch_size": 1024,
    "max_lr": 0.01,
    "weight_decay": 0.1,
    "seed": 42,
    "device": 0,
    "use_shift": true,
    "reverse_augment": true
  },
  "train_loss": [
    0.8198153058825812,
    0.6828033549998042,
    0.618727802734823,
    0.5802705250213668,
    0.5462550141947106,
    0.5260740318796238,
    0.49694266288841077,
    0.4769796826241727,
    0.4560961139399938,
    0.43870501685209473,
    0.4197708349843277,
    0.40767616043353766,
    0.39238815056142495,
    0.37821476205076404,
    0.36707395217721184,
    0.35212230743788503,
    0.33530633614231864,
    0.31987487526307584,
    0.3055194111107136,
    0.2901551653917633,
    0.273640877516683,
    0.2536160327982227,
    0.23527390934098943,
    0.217648082296855,
    0.20158408656119084,
    0.18591426669288297,
    0.17405960684030192,
    0.16487195734241833,
    0.15929102140617882,
    0.15753689457498585
  ],
  "train_pearson": [
    0.42440900206565857,
    0.5631480813026428,
    0.6174455881118774,
    0.648048460483551,
    0.6736267805099487,
    0.6886596083641052,
    0.7092544436454773,
    0.7230228781700134,
    0.73752361536026,
    0.7491477131843567,
    0.7619171142578125,
    0.7694370150566101,
    0.7794296741485596,
    0.7885653972625732,
    0.7956113219261169,
    0.8050445914268494,
    0.8151736855506897,
    0.8250036835670471,
    0.8330420255661011,
    0.8422852754592896,
    0.8519192337989807,
    0.8641036152839661,
    0.8743161559104919,
    0.884861946105957,
    0.8933312892913818,
    0.9022545218467712,
    0.9086071848869324,
    0.9141440987586975,
    0.9166536927223206,
    0.9179828763008118
  ],
  "val_loss": [
    0.78029977266913,
    1.3161609645331682,
    1.070969464932713,
    0.8554642695039053,
    0.6569477769062418,
    0.7214943991309022,
    0.5323763263432513,
    0.5122131163319188,
    0.6866971457644157,
    0.4925411262835504,
    0.49215253691694744,
    0.48581862532258707,
    0.5325150220506726,
    0.46639019085005573,
    0.4712245261114717,
    0.5183509125908485,
    0.4442162680533934,
    0.4556465956145647,
    0.4132477579721001,
    0.40523825828889576,
    0.39027376282067777,
    0.4036829403390065,
    0.3767918834535021,
    0.38327733569463046,
    0.36689944128492114,
    0.3825834291853581,
    0.37436025225026887,
    0.3741426198126683,
    0.3709974234560826,
    0.37165814463331026
  ],
  "val_pearson": [
    0.5131335854530334,
    0.5605270266532898,
    0.5945765376091003,
    0.5841694474220276,
    0.6584950685501099,
    0.650658905506134,
    0.685739278793335,
    0.7127479910850525,
    0.6952886581420898,
    0.7232567071914673,
    0.7084044218063354,
    0.7264013290405273,
    0.6920684576034546,
    0.7331299185752869,
    0.7381782531738281,
    0.7337794899940491,
    0.7538882493972778,
    0.7460250854492188,
    0.7647450566291809,
    0.770476758480072,
    0.7783359885215759,
    0.7751854658126831,
    0.7866822481155396,
    0.7829146981239319,
    0.7924212217330933,
    0.7868026494979858,
    0.7914370894432068,
    0.7909163236618042,
    0.7916776537895203,
    0.7913511395454407
  ],
  "best_epoch": 24,
  "best_val_pearson": 0.7924212217330933,
  "test_loss": 0.37890053549599223,
  "test_pearson": 0.7834445834159851,
  "calibration_loss": 0.39431850101552407,
  "calibration_pearson": 0.7842609882354736
}