{
  "jores_maize": {
    "mean": [
      0.48259979486465454,
      0.10526502877473831
    ],
    "std": [
      1.796168327331543,
      1.1773452758789062
    ],
    "min": [
      -4.444854259490967,
      -3.6643266677856445
    ],
    "max": [
      5.252993583679199,
      5.4183573722839355
    ]
  }
}