{
  "encode4_hepg2": {
    "mean": [
      -0.2145218551158905
    ],
    "std": [
      0.7931607961654663
    ],
    "min": [
      -2.63317608833313
    ],
    "max": [
      4.4103922843933105
    ]
  }
}