{
  "source_model": "PhysicsVAE_WTC11",
  "target_dataset": "sorghum",
  "source_cell_type": "WTC11",
  "n_samples": 1968,
  "n_matched_features": 267,
  "n_source_features": 539,
  "source_seq_length": 230,
  "metrics": {
    "reconstruction_accuracy": 0.2547584887613582,
    "reconstruction_loss": 1.770653560757637,
    "perplexity": 5.872731274758496,
    "mean_position_accuracy": 0.188299752562743,
    "latent_mean": 0.10062418133020401,
    "latent_std": 3.222452402114868
  },
  "timestamp": "2026-01-19T00:36:27.740603"
}