{
  "source_model": "PhysicsVAE_K562",
  "target_dataset": "WTC11",
  "source_cell_type": "K562",
  "n_samples": 5000,
  "n_matched_features": 411,
  "n_source_features": 515,
  "source_seq_length": 230,
  "metrics": {
    "reconstruction_accuracy": 0.5613104347826087,
    "reconstruction_loss": 0.9103519707918167,
    "perplexity": 2.485025916536836,
    "mean_position_accuracy": 0.5613104347826088,
    "latent_mean": 0.00635497085750103,
    "latent_std": 0.3030734956264496
  },
  "timestamp": "2026-01-19T00:30:15.100885"
}