{
  "source_model": "PhysicsVAE_K562",
  "target_dataset": "maize",
  "source_cell_type": "K562",
  "n_samples": 2461,
  "n_matched_features": 267,
  "n_source_features": 515,
  "source_seq_length": 230,
  "metrics": {
    "reconstruction_accuracy": 0.25886177307168295,
    "reconstruction_loss": 1.735192060470581,
    "perplexity": 5.6716986203494395,
    "mean_position_accuracy": 0.19133261487907002,
    "latent_mean": -0.2097889482975006,
    "latent_std": 2.5685291290283203
  },
  "timestamp": "2026-01-19T00:32:31.641083"
}