{
  "source_model": "PhysicsVAE_HepG2",
  "target_dataset": "arabidopsis",
  "source_cell_type": "HepG2",
  "n_samples": 1347,
  "n_matched_features": 267,
  "n_source_features": 539,
  "source_seq_length": 230,
  "metrics": {
    "reconstruction_accuracy": 0.24075723830734966,
    "reconstruction_loss": 1.6638783017794292,
    "perplexity": 5.284355670445642,
    "mean_position_accuracy": 0.1779510022271715,
    "latent_mean": 0.15615956485271454,
    "latent_std": 2.933652877807617
  },
  "timestamp": "2026-01-19T00:33:53.872406"
}