{
  "jores_arabidopsis": {
    "mean": [
      1.5299204587936401,
      -0.881016731262207
    ],
    "std": [
      1.1845790147781372,
      1.1750251054763794
    ],
    "min": [
      -2.1631600856781006,
      -5.414796829223633
    ],
    "max": [
      5.417531967163086,
      4.010707855224609
    ]
  }
}